gesture_name,x0,y0,x1,y1,x2,y2,x3,y3,x4,y4,x5,y5,x6,y6,x7,y7,x8,y8,x9,y9,x10,y10,x11,y11,x12,y12,x13,y13,x14,y14,x15,y15,x16,y16,x17,y17,x18,y18,x19,y19,x20,y20
thumb_up,0.0,0.0,0.032581865787506104,-0.08128511905670166,0.027956396341323853,-0.19251233339309692,0.01032555103302002,-0.28429368138313293,-0.004051238298416138,-0.35844236612319946,-0.04975995421409607,-0.13461518287658691,0.05111977458000183,-0.11053061485290527,0.0355985164642334,-0.10633635520935059,0.0063735246658325195,-0.11101794242858887,-0.079694002866745,-0.045403897762298584,0.0691463053226471,-0.01892220973968506,0.033413052558898926,-0.03497511148452759,-0.010041862726211548,-0.04532045125961304,-0.07851722836494446,0.03502529859542847,0.058259814977645874,0.0468786358833313,0.032312244176864624,0.03892034292221069,-0.007400840520858765,0.034673094749450684,-0.0646274983882904,0.10826033353805542,0.04092356562614441,0.10951793193817139,0.023761361837387085,0.0979112982749939,-0.012486070394515991,0.09603852033615112
thumb_up,0.0,0.0,0.034322530031204224,-0.07826071977615356,0.01757979393005371,-0.18655401468276978,-0.006428509950637817,-0.2680113911628723,-0.02529674768447876,-0.3350304365158081,-0.0706530511379242,-0.13222676515579224,0.0018615424633026123,-0.10774260759353638,-0.0019270479679107666,-0.11614245176315308,-0.022094279527664185,-0.12562543153762817,-0.10441818833351135,-0.05150282382965088,0.025476783514022827,-0.0192108154296875,-0.002782493829727173,-0.04531216621398926,-0.03772976994514465,-0.05896884202957153,-0.1013854444026947,0.024238944053649902,0.014738738536834717,0.04097050428390503,-0.003145962953567505,0.026250600814819336,-0.03226378560066223,0.021439790725708008,-0.08338165283203125,0.0936848521232605,0.003348618745803833,0.09450751543045044,-0.005631744861602783,0.08282989263534546,-0.029276907444000244,0.08345329761505127
thumb_up,0.0,0.0,0.03302145004272461,-0.07246541976928711,0.02679571509361267,-0.17922532558441162,0.007753223180770874,-0.27383649349212646,-0.005945652723312378,-0.3499676585197449,-0.040122538805007935,-0.12878185510635376,0.05000993609428406,-0.11022329330444336,0.03325331211090088,-0.10970759391784668,0.0035872459411621094,-0.11620479822158813,-0.0779350996017456,-0.040016770362854004,0.07375273108482361,-0.009682714939117432,0.03369516134262085,-0.03220146894454956,-0.013435810804367065,-0.04595625400543213,-0.07651224732398987,0.04316151142120361,0.061944007873535156,0.055306434631347656,0.03335314989089966,0.04593467712402344,-0.005262523889541626,0.043571650981903076,-0.06205660104751587,0.11656951904296875,0.04149392247200012,0.11872154474258423,0.023903876543045044,0.10744374990463257,-0.01079702377319336,0.10687065124511719
thumb_up,0.0,0.0,0.03512689471244812,-0.08626741170883179,0.02272975444793701,-0.19526267051696777,0.0032820403575897217,-0.2830269932746887,-0.013830363750457764,-0.35666555166244507,-0.06642617285251617,-0.15790075063705444,0.014661192893981934,-0.13458466529846191,0.013674437999725342,-0.13029563426971436,-0.008930742740631104,-0.13677415251731873,-0.09621119499206543,-0.07712262868881226,0.0326819121837616,-0.04737234115600586,0.010343015193939209,-0.06381881237030029,-0.027108430862426758,-0.07379448413848877,-0.09182301163673401,0.0036892294883728027,0.026001334190368652,0.019102156162261963,0.010444492101669312,0.01212620735168457,-0.02195984125137329,0.011122167110443115,-0.07686379551887512,0.07605040073394775,0.013904571533203125,0.0777209997177124,0.004529744386672974,0.06993573904037476,-0.022253364324569702,0.07252484560012817
thumb_up,0.0,0.0,0.051062703132629395,-0.11903423070907593,0.08249741792678833,-0.23173829913139343,0.0822095274925232,-0.3171456456184387,0.0806734561920166,-0.4066433608531952,0.02587491273880005,-0.1738332211971283,0.15805643796920776,-0.17988088726997375,0.13667452335357666,-0.14564889669418335,0.0917518138885498,-0.1469840407371521,0.009851276874542236,-0.08210277557373047,0.1666584014892578,-0.09782731533050537,0.13245820999145508,-0.07388371229171753,0.08637255430221558,-0.07504647970199585,0.01186150312423706,-0.006686806678771973,0.15980792045593262,-0.02242136001586914,0.12617558240890503,-0.0027008056640625,0.08636659383773804,-0.004295647144317627,0.024369001388549805,0.05636096000671387,0.14385879039764404,0.04218411445617676,0.11718767881393433,0.049785315990448,0.07415878772735596,0.050437331199645996
thumb_up,0.0,0.0,0.06740698218345642,-0.10893899202346802,0.10322937369346619,-0.21739643812179565,0.10807618498802185,-0.29992371797561646,0.11817619204521179,-0.38466355204582214,0.031948983669281006,-0.15087193250656128,0.15045210719108582,-0.1413365602493286,0.13488397002220154,-0.11799901723861694,0.09703585505485535,-0.12747657299041748,0.008335858583450317,-0.06810653209686279,0.151909738779068,-0.06437325477600098,0.12617716193199158,-0.05068540573120117,0.08495959639549255,-0.05749112367630005,0.0025563836097717285,0.003865182399749756,0.13718578219413757,0.008140623569488525,0.10890677571296692,0.01652318239212036,0.07203453779220581,0.010295331478118896,0.008225291967391968,0.06368690729141235,0.1137150228023529,0.06744372844696045,0.08936133980751038,0.06796878576278687,0.0471244752407074,0.0651165246963501
thumb_up,0.0,0.0,0.048042625188827515,-0.06805235147476196,0.06938934326171875,-0.1698296070098877,0.07314339280128479,-0.25678613781929016,0.07568413019180298,-0.33563232421875,-0.04243853688240051,-0.16508930921554565,0.05677849054336548,-0.11324214935302734,0.05169060826301575,-0.10917991399765015,0.027176886796951294,-0.11919111013412476,-0.08779445290565491,-0.08717656135559082,0.05433335900306702,-0.022880196571350098,0.033389270305633545,-0.04066234827041626,-0.0043756961822509766,-0.05437976121902466,-0.09876877069473267,-0.005155682563781738,0.03225979208946228,0.04527777433395386,0.019879788160324097,0.03267693519592285,-0.01388019323348999,0.02337425947189331,-0.09485995769500732,0.07522964477539062,0.00816333293914795,0.10626006126403809,0.004696249961853027,0.0965191125869751,-0.022223740816116333,0.0946505069732666
thumb_up,0.0,0.0,0.03677845001220703,-0.0795983076095581,0.023176997900009155,-0.19312644004821777,0.0009039640426635742,-0.2769039273262024,-0.013030171394348145,-0.3461364507675171,-0.07474556565284729,-0.15397143363952637,0.004118978977203369,-0.12287986278533936,0.0036962032318115234,-0.1243782639503479,-0.01631218194961548,-0.13333380222320557,-0.112347811460495,-0.07134634256362915,0.025099188089370728,-0.031014859676361084,0.0011964738368988037,-0.054952025413513184,-0.03660005331039429,-0.06826436519622803,-0.11039572954177856,0.01012873649597168,0.01508718729019165,0.033875226974487305,-0.0003006458282470703,0.01974332332611084,-0.03260543942451477,0.017360806465148926,-0.09344276785850525,0.08656507730484009,0.005464702844619751,0.09364902973175049,-0.0021934211254119873,0.08347046375274658,-0.03030771017074585,0.08631187677383423
thumb_up,0.0,0.0,0.03004157543182373,-0.08843988180160522,0.0007371306419372559,-0.19016194343566895,-0.03379261493682861,-0.25834643840789795,-0.05348944664001465,-0.3248352110385895,-0.09492748975753784,-0.13559329509735107,-0.014396995306015015,-0.10845160484313965,-0.005173444747924805,-0.10990238189697266,-0.026732444763183594,-0.11811065673828125,-0.12463553249835968,-0.0528905987739563,0.008417725563049316,-0.02195960283279419,-0.006619483232498169,-0.0435943603515625,-0.047960370779037476,-0.05491971969604492,-0.11613544821739197,0.024937808513641357,0.0023298561573028564,0.039761900901794434,-0.008162111043930054,0.025651752948760986,-0.0411469042301178,0.02237790822982788,-0.09523966908454895,0.09653764963150024,-0.009222060441970825,0.09652656316757202,-0.013518542051315308,0.08139979839324951,-0.03880086541175842,0.07836031913757324
thumb_up,0.0,0.0,0.041638851165771484,-0.07725530862808228,0.03331947326660156,-0.19490891695022583,0.015839368104934692,-0.2820836901664734,0.004753977060317993,-0.35187995433807373,-0.06820222735404968,-0.16225117444992065,0.004647374153137207,-0.12566512823104858,0.004784137010574341,-0.12133336067199707,-0.017346501350402832,-0.13166260719299316,-0.11031347513198853,-0.0831645131111145,0.022477388381958008,-0.02995455265045166,-0.0033038556575775146,-0.052904367446899414,-0.04593300819396973,-0.07330232858657837,-0.11126020550727844,-0.0010699629783630371,0.010806113481521606,0.031066954135894775,-0.00677075982093811,0.02034175395965576,-0.04229927062988281,0.012640893459320068,-0.09760323166847229,0.07637894153594971,-0.0040396153926849365,0.08943188190460205,-0.014706403017044067,0.07895821332931519,-0.045707881450653076,0.0744243860244751
thumb_up,0.0,0.0,0.03882575035095215,-0.09496480226516724,0.050325244665145874,-0.2043629288673401,0.061573952436447144,-0.28874728083610535,0.0783616304397583,-0.3576923906803131,-0.07794341444969177,-0.19784671068191528,0.018272608518600464,-0.16298258304595947,0.021076947450637817,-0.13960689306259155,-0.005611598491668701,-0.14491719007492065,-0.1078692376613617,-0.11362200975418091,0.01831650733947754,-0.0770612359046936,0.010630697011947632,-0.07704514265060425,-0.02446165680885315,-0.09477180242538452,-0.10939925909042358,-0.03145521879196167,0.007981598377227783,-0.007347404956817627,0.001882404088973999,-0.009214282035827637,-0.032699763774871826,-0.022377431392669678,-0.09868356585502625,0.0437663197517395,-0.006949514150619507,0.05420964956283569,-0.00826224684715271,0.04733318090438843,-0.03580281138420105,0.039144158363342285
thumb_up,0.0,0.0,0.038432806730270386,-0.08930766582489014,0.03339013457298279,-0.21195191144943237,0.030036121606826782,-0.30903947353363037,0.029577404260635376,-0.3823124170303345,-0.07878988981246948,-0.17688459157943726,-0.0019803643226623535,-0.15414023399353027,-0.0017421245574951172,-0.14339643716812134,-0.024177342653274536,-0.148992121219635,-0.11570823192596436,-0.09419506788253784,0.01796630024909973,-0.059332311153411865,-0.002219855785369873,-0.073647141456604,-0.03996279835700989,-0.08653068542480469,-0.11413323879241943,-0.010731160640716553,0.009245842695236206,0.007382392883300781,-0.004566878080368042,0.003605663776397705,-0.037539124488830566,0.0007332563400268555,-0.0989285409450531,0.0664641261100769,-0.006351679563522339,0.07092922925949097,-0.015064090490341187,0.0656844973564148,-0.04441019892692566,0.06507426500320435
thumb_up,0.0,0.0,0.04172682762145996,-0.10990500450134277,0.04702812433242798,-0.22894304990768433,0.05330771207809448,-0.3240984082221985,0.05762264132499695,-0.40467700362205505,-0.08341756463050842,-0.21601063013076782,0.01730799674987793,-0.18840396404266357,0.02291768789291382,-0.1558302640914917,-0.0069773197174072266,-0.1535390019416809,-0.11028438806533813,-0.13073647022247314,0.021791517734527588,-0.10180139541625977,0.018578678369522095,-0.0892629623413086,-0.016339510679244995,-0.099845290184021,-0.10983830690383911,-0.0461200475692749,0.012719839811325073,-0.02676379680633545,0.009996205568313599,-0.02038639783859253,-0.024795562028884888,-0.030277907848358154,-0.09709829092025757,0.03177160024642944,-0.0011379122734069824,0.038570404052734375,0.0002689659595489502,0.03754270076751709,-0.02774035930633545,0.033842384815216064
thumb_up,0.0,0.0,0.03246694803237915,-0.08676117658615112,0.01974460482597351,-0.2061772644519806,0.008473366498947144,-0.3036119341850281,0.0026805996894836426,-0.37657639384269714,-0.08873960375785828,-0.17053163051605225,-0.011536240577697754,-0.14986491203308105,-0.008054375648498535,-0.13862156867980957,-0.031172484159469604,-0.14346635341644287,-0.12482276558876038,-0.0878680944442749,0.007288634777069092,-0.05833292007446289,-0.008269071578979492,-0.06979542970657349,-0.048569947481155396,-0.08136016130447388,-0.12138344347476959,-0.004250586032867432,-0.00020635128021240234,0.009948253631591797,-0.008925050497055054,0.006652116775512695,-0.04216712713241577,0.004977285861968994,-0.10487031936645508,0.07289588451385498,-0.014002561569213867,0.07651883363723755,-0.017214804887771606,0.06985890865325928,-0.04386356472969055,0.06967151165008545
thumb_up,0.0,0.0,0.02734297513961792,-0.10388457775115967,0.014499753713607788,-0.21419239044189453,0.00920957326889038,-0.30210036039352417,0.016016721725463867,-0.3810320794582367,-0.11144138872623444,-0.1775100827217102,-0.03970089554786682,-0.1493290662765503,-0.013461947441101074,-0.13546574115753174,-0.028612881898880005,-0.14088284969329834,-0.14032281935214996,-0.08980685472488403,-0.03535938262939453,-0.06772476434707642,-0.010334134101867676,-0.07379341125488281,-0.0302276611328125,-0.08550286293029785,-0.1387208104133606,-0.007298409938812256,-0.03801599144935608,0.0004534125328063965,-0.015179872512817383,-0.006235063076019287,-0.0348840057849884,-0.01398622989654541,-0.12409426271915436,0.06611329317092896,-0.042180657386779785,0.06595289707183838,-0.020344078540802002,0.05482351779937744,-0.03456801176071167,0.0464707612991333
thumb_up,0.0,0.0,0.0372927188873291,-0.10646247863769531,0.030528217554092407,-0.22478705644607544,0.018230974674224854,-0.3124629259109497,0.013238966464996338,-0.3911221921443939,-0.09695897996425629,-0.17208635807037354,-0.015563219785690308,-0.14282351732254028,0.0017548799514770508,-0.13419008255004883,-0.017211884260177612,-0.14113694429397583,-0.12358394265174866,-0.08636629581451416,-0.005761384963989258,-0.062028467655181885,0.0011309981346130371,-0.07485514879226685,-0.026536226272583008,-0.08967447280883789,-0.11955529451370239,-0.007962822914123535,-0.009546935558319092,0.0010927319526672363,-0.0003230273723602295,-0.00828397274017334,-0.023497700691223145,-0.016884982585906982,-0.10405197739601135,0.060756683349609375,-0.016358226537704468,0.05736827850341797,-0.004859596490859985,0.04738485813140869,-0.021695047616958618,0.04140758514404297
thumb_up,0.0,0.0,0.02958744764328003,-0.10916662216186523,0.01141279935836792,-0.221897691488266,0.0005378127098083496,-0.3062884211540222,0.001119166612625122,-0.3864584267139435,-0.12488403916358948,-0.17979872226715088,-0.05371764302253723,-0.15104150772094727,-0.01850685477256775,-0.13315916061401367,-0.0286695659160614,-0.1331247091293335,-0.15104085206985474,-0.0900951623916626,-0.051680535078048706,-0.06825846433639526,-0.01707562804222107,-0.07342410087585449,-0.030664533376693726,-0.08412820100784302,-0.14762452244758606,-0.006524145603179932,-0.05365052819252014,0.0024073123931884766,-0.023377984762191772,-0.0060520172119140625,-0.03785371780395508,-0.015328943729400635,-0.13220728933811188,0.06733858585357666,-0.058205991983413696,0.06905972957611084,-0.030849874019622803,0.055046677589416504,-0.03960239887237549,0.042737603187561035
thumb_up,0.0,0.0,0.035453230142593384,-0.09838420152664185,0.036079466342926025,-0.21465450525283813,0.034092873334884644,-0.30775296688079834,0.029802262783050537,-0.3843396008014679,-0.08988019824028015,-0.18570804595947266,-0.0012312829494476318,-0.1558707356452942,0.003012537956237793,-0.14231902360916138,-0.022548288106918335,-0.14958679676055908,-0.11978232860565186,-0.09904563426971436,0.009568899869918823,-0.06798779964447021,0.0010585784912109375,-0.07539921998977661,-0.036377936601638794,-0.09119516611099243,-0.11772513389587402,-0.01555943489074707,0.0029010772705078125,0.0014747381210327148,-0.0024994313716888428,-0.003392040729522705,-0.036844342947006226,-0.014369666576385498,-0.1028338372707367,0.06081712245941162,-0.010250359773635864,0.06484365463256836,-0.01099422574043274,0.05711948871612549,-0.037239789962768555,0.05198180675506592
thumb_up,0.0,0.0,0.03604617714881897,-0.10188126564025879,0.04473990201950073,-0.21402835845947266,0.04903385043144226,-0.3061818480491638,0.043590545654296875,-0.3922244906425476,-0.06645044684410095,-0.18683409690856934,0.05237451195716858,-0.1658492088317871,0.03853914141654968,-0.14318960905075073,0.0009920895099639893,-0.1408395767211914,-0.08714845776557922,-0.0990486741065979,0.05700907111167908,-0.08361947536468506,0.029475867748260498,-0.0826292634010315,-0.013078033924102783,-0.09014010429382324,-0.08133450150489807,-0.015331506729125977,0.049758344888687134,-0.009520769119262695,0.031061530113220215,-0.009081363677978516,-0.005157679319381714,-0.015759170055389404,-0.06457850337028503,0.060172438621520996,0.0366976261138916,0.054031193256378174,0.022542804479599,0.044795870780944824,-0.011599570512771606,0.041665613651275635
thumb_up,0.0,0.0,0.04313099384307861,-0.1370372772216797,0.06288057565689087,-0.2900075316429138,0.07771140336990356,-0.40355437994003296,0.0879729688167572,-0.5059481561183929,-0.026571810245513916,-0.29613351821899414,0.10284024477005005,-0.2915094494819641,0.098410964012146,-0.23577898740768433,0.05485537648200989,-0.22504132986068726,-0.041479796171188354,-0.21270835399627686,0.11383682489395142,-0.20567947626113892,0.09363758563995361,-0.1656169295310974,0.05062544345855713,-0.16389816999435425,-0.034782588481903076,-0.1241043210029602,0.11262825131416321,-0.12194180488586426,0.09030389785766602,-0.08965951204299927,0.0501457154750824,-0.08882349729537964,-0.01896613836288452,-0.04401850700378418,0.097991943359375,-0.054010093212127686,0.08517828583717346,-0.04439091682434082,0.05064770579338074,-0.04198741912841797
thumb_up,0.0,0.0,0.058501362800598145,-0.15785521268844604,0.09422630071640015,-0.3072657585144043,0.11099874973297119,-0.4179202914237976,0.11793956160545349,-0.5167078077793121,0.02007421851158142,-0.2637211084365845,0.12555226683616638,-0.2745281457901001,0.12143886089324951,-0.22804397344589233,0.08745583891868591,-0.21915149688720703,0.004168391227722168,-0.1736660599708557,0.14818614721298218,-0.1810377836227417,0.12917748093605042,-0.1477905511856079,0.08593016862869263,-0.14182037115097046,0.004309147596359253,-0.09110105037689209,0.14761170744895935,-0.09978753328323364,0.12405693531036377,-0.07676512002944946,0.08342382311820984,-0.0754542350769043,0.01402941346168518,-0.021323561668395996,0.1352664828300476,-0.036194682121276855,0.11667925119400024,-0.024745047092437744,0.07373020052909851,-0.017877817153930664
thumb_up,0.0,0.0,0.035117387771606445,-0.0805390477180481,0.03861439228057861,-0.19317632913589478,0.03004598617553711,-0.29022181034088135,0.022103607654571533,-0.3720526397228241,-0.052892446517944336,-0.13772761821746826,0.05701303482055664,-0.11850589513778687,0.04023820161819458,-0.11747604608535767,0.0082053542137146,-0.1211732029914856,-0.08390751481056213,-0.04232609272003174,0.07512104511260986,-0.01859349012374878,0.03844684362411499,-0.03812384605407715,-0.010061711072921753,-0.050823986530303955,-0.0782555639743805,0.0437697172164917,0.06360399723052979,0.053179264068603516,0.036797404289245605,0.04238760471343994,-0.003993600606918335,0.03692823648452759,-0.05977517366409302,0.12136030197143555,0.04482460021972656,0.12236833572387695,0.025870829820632935,0.10767322778701782,-0.013229429721832275,0.10297632217407227
thumb_up,0.0,0.0,0.03474697470664978,-0.08127790689468384,0.031906694173812866,-0.19968068599700928,0.02174195647239685,-0.3004382848739624,0.0139235258102417,-0.38090500235557556,-0.06670066714286804,-0.15821540355682373,0.02537819743156433,-0.13743072748184204,0.012620419263839722,-0.13149696588516235,-0.016478270292282104,-0.13622617721557617,-0.10317027568817139,-0.06618678569793701,0.04964056611061096,-0.03428816795349121,0.012293010950088501,-0.05130589008331299,-0.03255078196525574,-0.06239330768585205,-0.09899786114692688,0.022186219692230225,0.03991609811782837,0.036672890186309814,0.01299983263015747,0.032746315002441406,-0.026103168725967407,0.032011210918426514,-0.08068954944610596,0.1026076078414917,0.021418780088424683,0.10270440578460693,0.003324747085571289,0.09607464075088501,-0.03221508860588074,0.0977601408958435
thumb_up,0.0,0.0,0.03632393479347229,-0.09829646348953247,0.019520282745361328,-0.22307640314102173,0.0026625990867614746,-0.3204059600830078,-0.006988942623138428,-0.3961632549762726,-0.09484860301017761,-0.18151533603668213,-0.011849790811538696,-0.15494108200073242,-0.007010787725448608,-0.14399778842926025,-0.02882671356201172,-0.15218102931976318,-0.12630796432495117,-0.09552431106567383,0.008944183588027954,-0.06345182657241821,-0.008438676595687866,-0.07727980613708496,-0.04974403977394104,-0.09140032529830933,-0.12131747603416443,-0.010207891464233398,0.0038611888885498047,0.005616664886474609,-0.0061502158641815186,-0.0020694732666015625,-0.03980889916419983,-0.007940351963043213,-0.10430517792701721,0.06822264194488525,-0.0065129101276397705,0.06864190101623535,-0.009714305400848389,0.060654640197753906,-0.03493601083755493,0.059959590435028076
thumb_up,0.0,0.0,0.0311221182346344,-0.08566021919250488,0.02882245182991028,-0.19853174686431885,0.017770856618881226,-0.295149028301239,0.00888487696647644,-0.3761694133281708,-0.0776098370552063,-0.15222018957138062,0.029387563467025757,-0.12738734483718872,0.018983513116836548,-0.12507915496826172,-0.010099589824676514,-0.12953895330429077,-0.10646918416023254,-0.057155489921569824,0.04622045159339905,-0.031664252281188965,0.01614093780517578,-0.0489235520362854,-0.028521955013275146,-0.05949503183364868,-0.09967207908630371,0.030108869075775146,0.03807821869850159,0.041694045066833496,0.016698211431503296,0.032111942768096924,-0.02289077639579773,0.027455449104309082,-0.07950091361999512,0.10925513505935669,0.022626668214797974,0.11049038171768188,0.008159846067428589,0.09792852401733398,-0.028318673372268677,0.09470528364181519
thumb_up,0.0,0.0,0.03662902116775513,-0.10140073299407959,0.04584500193595886,-0.21245712041854858,0.05178123712539673,-0.30802589654922485,0.0513232946395874,-0.39583727717399597,-0.06306958198547363,-0.1804569959640503,0.045887917280197144,-0.1453152894973755,0.03565087914466858,-0.13360595703125,0.0008002519607543945,-0.13797861337661743,-0.0860055685043335,-0.08967429399490356,0.06072553992271423,-0.05813342332839966,0.03570449352264404,-0.06526517868041992,-0.010635137557983398,-0.07870733737945557,-0.08356210589408875,-0.0023115873336791992,0.05354517698287964,0.01666426658630371,0.03499564528465271,0.00990360975265503,-0.006525903940200806,-0.0037990212440490723,-0.06946340203285217,0.07892024517059326,0.03745776414871216,0.08118188381195068,0.02509361505508423,0.0700145959854126,-0.010843783617019653,0.06459355354309082
thumb_up,0.0,0.0,0.037671029567718506,-0.12274980545043945,0.08947005867958069,-0.25636011362075806,0.11599406599998474,-0.3578208088874817,0.12411072850227356,-0.45248743891716003,0.027879148721694946,-0.20833849906921387,0.17740246653556824,-0.2287474274635315,0.16098162531852722,-0.1898157000541687,0.11738213896751404,-0.18419164419174194,0.023457318544387817,-0.11120182275772095,0.1852947175502777,-0.14492934942245483,0.15402701497077942,-0.11653769016265869,0.10387179255485535,-0.1103135347366333,0.03640317916870117,-0.028763771057128906,0.18331941962242126,-0.06768137216567993,0.1491052806377411,-0.047795116901397705,0.10247966647148132,-0.04407978057861328,0.05791342258453369,0.03832530975341797,0.17488405108451843,-0.002111077308654785,0.1470397412776947,0.011689066886901855,0.09941884875297546,0.021743416786193848
thumb_up,0.0,0.0,0.0466940701007843,-0.11306118965148926,0.05385860800743103,-0.23718029260635376,0.04990553855895996,-0.3286855220794678,0.03975015878677368,-0.41944044828414917,-0.04176509380340576,-0.213117778301239,0.07812142372131348,-0.17409956455230713,0.07233700156211853,-0.14361697435379028,0.03504997491836548,-0.14523297548294067,-0.06523485481739044,-0.12488478422164917,0.08487868309020996,-0.09102940559387207,0.062153518199920654,-0.08152210712432861,0.019263118505477905,-0.09429395198822021,-0.06402042508125305,-0.037544965744018555,0.07519954442977905,-0.013706326484680176,0.053995877504348755,-0.00866776704788208,0.01722395420074463,-0.024394750595092773,-0.05351099371910095,0.03958630561828613,0.056010931730270386,0.04819822311401367,0.042401134967803955,0.04043465852737427,0.011702269315719604,0.031217515468597412
thumb_up,0.0,0.0,0.029943078756332397,-0.0843815803527832,0.020388662815093994,-0.1941806674003601,0.004966437816619873,-0.28245896100997925,-0.007895857095718384,-0.3566426932811737,-0.0791051983833313,-0.1388424038887024,0.01858428120613098,-0.09895050525665283,0.016041666269302368,-0.10847276449203491,-0.010289251804351807,-0.12373417615890503,-0.10527542233467102,-0.05142170190811157,0.039370328187942505,-0.009213268756866455,0.018471866846084595,-0.04070842266082764,-0.02104857563972473,-0.06254148483276367,-0.10056357085704803,0.029390573501586914,0.03320205211639404,0.05344545841217041,0.01725831627845764,0.032372236251831055,-0.020149827003479004,0.019058406352996826,-0.08149659633636475,0.10287010669708252,0.018458932638168335,0.11075174808502197,0.010442256927490234,0.09196680784225464,-0.019854307174682617,0.08140283823013306
thumb_up,0.0,0.0,0.03832980990409851,-0.0975193977355957,0.022330671548843384,-0.21129173040390015,0.003181546926498413,-0.29169756174087524,-0.00798305869102478,-0.36037448048591614,-0.0888611376285553,-0.16764098405838013,-0.0037407875061035156,-0.13945889472961426,0.013729721307754517,-0.12563592195510864,-0.006597653031349182,-0.1326008439064026,-0.11463576555252075,-0.08254563808441162,0.006712079048156738,-0.05703216791152954,0.010761052370071411,-0.06440520286560059,-0.026096895337104797,-0.0745130181312561,-0.10849940776824951,-0.002506852149963379,0.0002574622631072998,0.012073636054992676,0.004683315753936768,0.004966080188751221,-0.02539771795272827,-7.402896881103516e-05,-0.094119131565094,0.07039952278137207,-0.013441592454910278,0.07597780227661133,-0.004464000463485718,0.06676101684570312,-0.02260449528694153,0.061647117137908936
thumb_up,0.0,0.0,0.034689754247665405,-0.11711138486862183,0.02367529273033142,-0.23420244455337524,0.011661440134048462,-0.31826943159103394,0.006171226501464844,-0.3984968662261963,-0.08945518732070923,-0.2302914559841156,0.00622674822807312,-0.21802160143852234,0.01735776662826538,-0.17631381750106812,-0.006876766681671143,-0.16535139083862305,-0.11662164330482483,-0.15369421243667603,0.009421437978744507,-0.1378229260444641,0.013116538524627686,-0.11025351285934448,-0.012692660093307495,-0.10467976331710815,-0.11966925859451294,-0.07421046495437622,-0.0023563802242279053,-0.06262087821960449,0.0006767213344573975,-0.04545283317565918,-0.025660574436187744,-0.044891297817230225,-0.11117997765541077,0.0020861029624938965,-0.021540716290473938,0.004293620586395264,-0.014598250389099121,0.00812608003616333,-0.035749614238739014,0.009301364421844482
thumb_up,0.0,0.0,0.04485863447189331,-0.09961283206939697,0.04095113277435303,-0.20589488744735718,0.027279436588287354,-0.2739377021789551,0.02148345112800598,-0.33980241417884827,-0.07455536723136902,-0.19656890630722046,0.020230412483215332,-0.17473578453063965,0.030951261520385742,-0.1492689847946167,0.004046022891998291,-0.14851319789886475,-0.10221351683139801,-0.11578017473220825,0.029900312423706055,-0.08941322565078735,0.028895825147628784,-0.0870523452758789,-0.00859120488166809,-0.0947142243385315,-0.09971219301223755,-0.03374522924423218,0.019072651863098145,-0.017593979835510254,0.021832793951034546,-0.018602430820465088,-0.009403854608535767,-0.024197518825531006,-0.08615002036094666,0.04041707515716553,0.0051979124546051025,0.044805049896240234,0.010355770587921143,0.04051178693771362,-0.013725489377975464,0.03974634408950806
thumb_up,0.0,0.0,0.04625648260116577,-0.11518073081970215,0.0574970543384552,-0.22986376285552979,0.07444903254508972,-0.3210800588130951,0.08886078000068665,-0.4021115005016327,-0.07670947909355164,-0.2190995216369629,0.01777532696723938,-0.1902264952659607,0.02905172109603882,-0.15942513942718506,0.0064217448234558105,-0.1563768982887268,-0.10410326719284058,-0.13537722826004028,0.02416408061981201,-0.10805314779281616,0.02579548954963684,-0.09547901153564453,-0.006426632404327393,-0.10599017143249512,-0.10465417802333832,-0.053412020206451416,0.016275614500045776,-0.038110971450805664,0.015603512525558472,-0.03303152322769165,-0.016906291246414185,-0.04374450445175171,-0.09300079941749573,0.021126747131347656,0.002010047435760498,0.021363556385040283,0.007508456707000732,0.02046734094619751,-0.015898197889328003,0.017158210277557373
thumb_up,0.0,0.0,0.04927116632461548,-0.1149970293045044,0.06817483901977539,-0.23208820819854736,0.09628570079803467,-0.32214587926864624,0.1205439567565918,-0.3990894854068756,-0.0700562596321106,-0.24088537693023682,0.02328673005104065,-0.20859330892562866,0.031838834285736084,-0.16860711574554443,0.011028051376342773,-0.1649419069290161,-0.09839025139808655,-0.15891140699386597,0.0274239182472229,-0.1286226511001587,0.0282629132270813,-0.10727071762084961,0.0004579126834869385,-0.11644566059112549,-0.10030588507652283,-0.07435917854309082,0.018263578414916992,-0.05792874097824097,0.017653584480285645,-0.04370582103729248,-0.011879563331604004,-0.052819788455963135,-0.08979535102844238,0.004371523857116699,0.0029300153255462646,0.006770610809326172,0.007120400667190552,0.013808846473693848,-0.01672312617301941,0.010967910289764404
thumb_up,0.0,0.0,0.03707215189933777,-0.10815966129302979,0.026494264602661133,-0.23021727800369263,0.014131158590316772,-0.3197406530380249,0.0061016082763671875,-0.3975675702095032,-0.08762943744659424,-0.1851557493209839,0.0018975138664245605,-0.16227084398269653,0.010290801525115967,-0.1478673815727234,-0.01398622989654541,-0.15405118465423584,-0.11380922794342041,-0.1002625823020935,0.01605573296546936,-0.07333993911743164,0.012140989303588867,-0.07947969436645508,-0.025623619556427002,-0.09633094072341919,-0.10948079824447632,-0.01709139347076416,0.007759571075439453,-0.0023659467697143555,0.007495284080505371,-0.007772326469421387,-0.023875057697296143,-0.019250452518463135,-0.09392356872558594,0.058312296867370605,-0.0038596391677856445,0.06220012903213501,-6.598234176635742e-05,0.05664360523223877,-0.022327661514282227,0.05464357137680054
thumb_up,0.0,0.0,0.037151604890823364,-0.08377605676651001,0.03774109482765198,-0.20467031002044678,0.03573712706565857,-0.30433177947998047,0.04198536276817322,-0.38486990332603455,-0.07842165231704712,-0.15300291776657104,0.008801400661468506,-0.12548470497131348,0.003540545701980591,-0.13227611780166626,-0.020563989877700806,-0.14485681056976318,-0.11116579174995422,-0.062040627002716064,0.035972535610198975,-0.02572387456893921,0.0075102150440216064,-0.05447572469711304,-0.031459301710128784,-0.06963998079299927,-0.10621505975723267,0.024901151657104492,0.027849048376083374,0.040891826152801514,0.007158547639846802,0.026374757289886475,-0.029571980237960815,0.020693302154541016,-0.08648428320884705,0.1050308346748352,0.01493823528289795,0.10502511262893677,0.003932863473892212,0.08998864889144897,-0.027155965566635132,0.08373725414276123
thumb_up,0.0,0.0,0.03231459856033325,-0.09554070234298706,0.037656188011169434,-0.22224664688110352,0.03854745626449585,-0.3327789306640625,0.045381128787994385,-0.42140698432922363,-0.08076438307762146,-0.1751348376274109,0.031913697719573975,-0.15662825107574463,0.01770949363708496,-0.14287221431732178,-0.015243321657180786,-0.14185363054275513,-0.11001145839691162,-0.07737374305725098,0.05408012866973877,-0.051612019538879395,0.01746654510498047,-0.06228727102279663,-0.031794995069503784,-0.07373881340026855,-0.10345146059989929,0.015449285507202148,0.04550570249557495,0.02732628583908081,0.020656168460845947,0.024022340774536133,-0.020802050828933716,0.020991265773773193,-0.08325418829917908,0.10109835863113403,0.02744394540786743,0.09960633516311646,0.012002766132354736,0.09936434030532837,-0.02363067865371704,0.10909408330917358
thumb_up,0.0,0.0,0.024146676063537598,-0.11274397373199463,0.037086427211761475,-0.22198963165283203,0.04494982957839966,-0.32204127311706543,0.04353129863739014,-0.4338301420211792,-0.09223067760467529,-0.1550503969192505,0.06161165237426758,-0.14486008882522583,0.052395403385162354,-0.14246517419815063,0.012312114238739014,-0.14626479148864746,-0.10193711519241333,-0.032431066036224365,0.07786375284194946,-0.039994776248931885,0.05249512195587158,-0.053514838218688965,2.2351741790771484e-05,-0.059988200664520264,-0.08733052015304565,0.07016795873641968,0.07403266429901123,0.05292868614196777,0.04900968074798584,0.03526186943054199,-0.00733715295791626,0.030256569385528564,-0.060077786445617676,0.1554185152053833,0.059003233909606934,0.13119953870773315,0.041112661361694336,0.11257952451705933,-0.005392670631408691,0.11403864622116089
thumb_up,0.0,0.0,0.02968621253967285,-0.10114097595214844,0.07363837957382202,-0.2157958745956421,0.10293251276016235,-0.30289676785469055,0.1176828145980835,-0.38315922021865845,0.025587916374206543,-0.17964649200439453,0.14576107263565063,-0.2080058455467224,0.13478070497512817,-0.16967856884002686,0.10004699230194092,-0.16171765327453613,0.024762988090515137,-0.10280120372772217,0.15266728401184082,-0.13941943645477295,0.13149112462997437,-0.10959148406982422,0.09306669235229492,-0.10094189643859863,0.0366244912147522,-0.03458124399185181,0.1527000069618225,-0.07411009073257446,0.12795114517211914,-0.05081617832183838,0.09095537662506104,-0.04420197010040283,0.05560922622680664,0.021675467491149902,0.1471286416053772,-0.017942309379577637,0.12696611881256104,-0.0032271146774291992,0.09013932943344116,0.006851792335510254
thumb_up,0.0,0.0,0.03595508635044098,-0.09069126844406128,0.035940349102020264,-0.1917095184326172,0.03000311553478241,-0.2699173092842102,0.025998234748840332,-0.34363484382629395,-0.060472190380096436,-0.22328731417655945,0.030879825353622437,-0.2042168378829956,0.03998216986656189,-0.15374383330345154,0.015888869762420654,-0.14215683937072754,-0.08742539584636688,-0.16587939858436584,0.02732272446155548,-0.14471036195755005,0.031138494610786438,-0.10211431980133057,0.009105652570724487,-0.09525591135025024,-0.09491290897130966,-0.10154223442077637,0.012997552752494812,-0.08395439386367798,0.017745599150657654,-0.0513535737991333,-0.0027823597192764282,-0.04836249351501465,-0.09230659157037735,-0.036980509757995605,-0.005697131156921387,-0.03278273344039917,0.00035475194454193115,-0.013741016387939453,-0.019152864813804626,-0.008356571197509766
thumb_up,0.0,0.0,0.03576219081878662,-0.12014615535736084,0.033281415700912476,-0.2543376684188843,0.024840712547302246,-0.3651213049888611,0.017688065767288208,-0.4682655334472656,-0.10351401567459106,-0.24887728691101074,0.033101886510849,-0.2408146858215332,0.03186848759651184,-0.19711613655090332,-0.006579101085662842,-0.1860312819480896,-0.13210196793079376,-0.14790016412734985,0.04198789596557617,-0.14561033248901367,0.02605992555618286,-0.12081301212310791,-0.016714930534362793,-0.11717391014099121,-0.1300104260444641,-0.04823935031890869,0.03393799066543579,-0.05350726842880249,0.018433332443237305,-0.03474384546279907,-0.02582421898841858,-0.03496497869491577,-0.11483436822891235,0.048076510429382324,0.011884808540344238,0.03205370903015137,0.008358210325241089,0.035356342792510986,-0.027667105197906494,0.03764832019805908
thumb_up,0.0,0.0,0.028205454349517822,-0.10441958904266357,0.017294257879257202,-0.24039870500564575,-0.0034068822860717773,-0.357380747795105,-0.02152097225189209,-0.44682931900024414,-0.0839502215385437,-0.1653510332107544,0.028369218111038208,-0.1731574535369873,0.009566813707351685,-0.1627216339111328,-0.026420146226882935,-0.16443634033203125,-0.11460325121879578,-0.045387446880340576,0.06790846586227417,-0.058060407638549805,0.020929664373397827,-0.06952875852584839,-0.032849639654159546,-0.07414388656616211,-0.10068696737289429,0.05723750591278076,0.06530702114105225,0.02889096736907959,0.032251834869384766,0.025109410285949707,-0.012686967849731445,0.02879512310028076,-0.07302036881446838,0.1464540958404541,0.0520758330821991,0.11297333240509033,0.029349982738494873,0.10513806343078613,-0.012872874736785889,0.10993087291717529
thumb_up,0.0,0.0,0.05539733171463013,-0.08415848016738892,0.07787245512008667,-0.225588858127594,0.08584854006767273,-0.34348082542419434,0.09055173397064209,-0.4305466115474701,-0.05881744623184204,-0.20435023307800293,0.052101701498031616,-0.17404800653457642,0.040905922651290894,-0.16117477416992188,0.0070272088050842285,-0.16985386610031128,-0.11004394292831421,-0.10111010074615479,0.0658741295337677,-0.045710623264312744,0.03174373507499695,-0.07002830505371094,-0.015446275472640991,-0.09636574983596802,-0.11559411883354187,0.002186298370361328,0.048652052879333496,0.038151562213897705,0.02397128939628601,0.02447730302810669,-0.018839716911315918,0.010595381259918213,-0.1052926778793335,0.09931844472885132,0.02404153347015381,0.115631103515625,0.010641694068908691,0.10122859477996826,-0.028778284788131714,0.08984845876693726
